PLAYER_NAME,TEAM_ID,OFF_RATING,DEF_RATING,NET_RATING,GP
Amen Thompson,HOU,6.0,3.6,9.6,76.0
Kevin Durant,HOU,7.0,3.1,10.1,75.0
Desmond Bane,ORL,4.8,2.4,7.2,79.0
Mikal Bridges,NYK,4.5,3.3,7.8,79.0
Toumani Camara,POR,2.0,2.5,4.5,79.0
Jamal Murray,DEN,7.7,1.7,9.4,74.0
Jabari Smith Jr.,HOU,3.3,3.1,6.4,74.0
Julius Randle,MIN,4.2,3.2,7.4,78.0
Tyrese Maxey,PHI,5.8,2.5,8.3,67.0
Scottie Barnes,TOR,2.8,4.2,7.1,76.0
Derrick White,BOS,3.4,3.4,6.8,74.0
Nickeil Alexander-Walker,ATL,3.5,2.7,6.2,76.0
Jalen Brunson,NYK,6.3,2.2,8.5,72.0
VJ Edgecombe,PHI,1.8,2.3,4.1,72.0
Jalen Johnson,ATL,3.7,3.8,7.5,70.0
Brandon Ingram,TOR,1.0,2.8,3.8,73.0
Payton Pritchard,BOS,5.7,2.4,8.1,76.0
Dyson Daniels,ATL,2.8,3.5,6.4,74.0
Kon Knueppel,CHO,5.7,2.4,8.1,78.0
Paolo Banchero,ORL,1.9,2.8,4.7,69.0
Donte DiVincenzo,MIN,2.2,2.9,5.1,78.0
DeMar DeRozan,SAC,5.2,0.4,5.6,77.0
James Harden,2TM,5.7,2.0,7.7,68.0
James Harden,LAC,3.5,1.3,4.8,44.0
James Harden,CLE,2.2,0.7,2.9,24.0
Jaylen Brown,BOS,3.6,3.3,6.9,69.0
Rudy Gobert,MIN,4.8,4.0,8.8,75.0
Ryan Rollins,MIL,1.6,1.7,3.4,73.0
Trey Murphy III,NOP,4.4,1.6,6.1,66.0
Miles Bridges,CHO,3.8,2.4,6.3,74.0
Alperen Şengün,HOU,4.4,3.5,7.9,69.0
Donovan Mitchell,CLE,5.7,2.4,8.1,69.0
Luka Dončić,LAL,6.7,2.8,9.5,64.0
Karl-Anthony Towns,NYK,5.3,3.9,9.2,73.0
Jaden McDaniels,MIN,2.6,2.8,5.3,71.0
Saddiq Bey,NOP,4.4,1.0,5.5,72.0
Onyeka Okongwu,ATL,2.6,3.3,5.9,72.0
Cooper Flagg,DAL,1.3,2.5,3.8,66.0
Brandin Podziemski,GSW,2.5,2.3,4.8,78.0
Bam Adebayo,MIA,2.4,3.4,5.8,69.0
Matas Buzelis,CHI,0.6,2.0,2.6,76.0
Nikola Jokić,DEN,11.1,3.3,14.4,63.0
Collin Gillespie,PHO,3.7,2.5,6.1,77.0
Wendell Carter Jr.,ORL,3.4,2.7,6.1,75.0
CJ McCollum,2TM,1.8,1.0,2.8,74.0
CJ McCollum,WAS,1.1,-0.1,1.0,35.0
CJ McCollum,ATL,0.8,1.1,1.9,39.0
Shai Gilgeous-Alexander,OKC,10.9,4.1,15.0,66.0
Julian Champagnie,SAS,2.7,3.3,6.1,79.0
Immanuel Quickley,TOR,3.8,2.5,6.3,67.0
OG Anunoby,NYK,3.1,3.1,6.2,65.0
Naji Marshall,DAL,2.6,1.9,4.4,73.0
Royce O'Neale,PHO,1.7,2.6,4.4,75.0
Bub Carrington,WAS,-0.4,-0.1,-0.5,78.0
Max Christie,DAL,1.1,1.4,2.5,73.0
De'Aaron Fox,SAS,3.1,3.0,6.1,69.0
Quentin Grimes,PHI,1.9,1.5,3.4,72.0
Kris Dunn,LAC,1.9,2.2,4.1,78.0
A.J. Green,MIL,1.5,0.4,1.8,74.0
Anthony Edwards,MIN,3.8,2.7,6.6,60.0
Cade Cunningham,DET,4.2,3.5,7.7,61.0
Deni Avdija,POR,4.2,2.3,6.5,63.0
Tim Hardaway Jr.,DEN,3.3,0.9,4.3,78.0
Devin Booker,PHO,4.3,1.7,6.1,62.0
Reed Sheppard,HOU,2.6,3.0,5.6,78.0
Pascal Siakam,IND,1.2,1.4,2.6,62.0
Duncan Robinson,DET,3.5,2.3,5.8,74.0
Evan Mobley,CLE,3.6,2.8,6.4,63.0
Donovan Clingan,POR,4.7,3.3,8.0,74.0
Jaime Jaquez Jr.,MIA,1.9,2.0,3.9,71.0
Stephon Castle,SAS,2.8,2.9,5.7,67.0
Cason Wallace,OKC,1.1,4.2,5.3,75.0
Jeremiah Fears,NOP,-1.1,1.4,0.2,79.0
Kawhi Leonard,LAC,6.3,2.6,9.0,62.0
Andrew Wiggins,MIA,2.2,2.3,4.5,64.0
Naz Reid,MIN,0.7,3.2,3.9,75.0
Jake LaRavia,LAL,1.7,1.9,3.6,78.0
Devin Vassell,SAS,2.3,2.5,4.8,64.0
Chet Holmgren,OKC,4.2,4.6,8.7,67.0
Ace Bailey,UTA,-0.2,0.2,0.0,70.0
Josh Hart,NYK,3.1,2.9,6.0,64.0
Jalen Duren,DET,6.8,3.7,10.5,68.0
Nic Claxton,BRK,3.3,1.6,4.9,69.0
LaMelo Ball,CHO,3.4,2.4,5.9,69.0
Bruce Brown,DEN,1.0,1.6,2.6,79.0
Davion Mitchell,MIA,2.5,1.7,4.2,67.0
LeBron James,LAL,3.1,1.8,4.9,57.0
Derik Queen,NOP,0.3,2.2,2.4,78.0
Harrison Barnes,SAS,2.6,2.1,4.7,74.0
Myles Turner,MIL,1.2,1.8,3.0,70.0
Brandon Miller,CHO,2.0,2.3,4.3,62.0
Jarace Walker,IND,-0.8,1.4,0.5,73.0
Neemias Queta,BOS,5.0,3.5,8.5,73.0
Maxime Raynaud,SAC,2.4,0.9,3.3,71.0
Sam Hauser,BOS,2.6,2.1,4.7,75.0
Anthony Black,ORL,0.3,2.2,2.6,61.0
Russell Westbrook,SAC,-0.6,0.9,0.3,64.0
Deandre Ayton,LAL,3.7,2.0,5.7,68.0
Zion Williamson,NOP,5.0,1.1,6.1,62.0
Victor Wembanyama,SAS,4.7,5.0,9.7,63.0
Keldon Johnson,SAS,3.7,2.5,6.1,79.0
Tristan Da Silva,ORL,1.2,2.0,3.1,74.0
Ausar Thompson,DET,1.3,4.0,5.3,70.0
Ayo Dosunmu,2TM,3.5,1.3,4.8,67.0
Ayo Dosunmu,CHI,2.4,0.5,2.9,45.0
Ayo Dosunmu,MIN,1.1,0.7,1.8,22.0
Jaylen Wells,MEM,0.9,0.8,1.7,69.0
Moussa Diabaté,CHO,4.5,2.7,7.2,70.0
Rui Hachimura,LAL,1.9,1.0,2.9,64.0
Draymond Green,GSW,-0.3,2.1,1.7,65.0
Sion James,CHO,1.3,1.9,3.2,79.0
Andrew Nembhard,IND,2.2,0.6,2.8,57.0
Keyonte George,UTA,3.2,0.1,3.2,54.0
Kyle Kuzma,MIL,0.9,1.0,2.0,68.0
Kyle Filipowski,UTA,1.8,1.2,3.0,76.0
John Collins,LAC,2.9,1.7,4.6,65.0
Noah Clowney,BRK,0.0,1.2,1.1,66.0
Nique Clifford,SAC,-1.2,0.6,-0.6,72.0
Luguentz Dort,OKC,0.0,2.9,2.9,65.0
Pelle Larsson,MIA,2.6,1.5,4.1,67.0
Austin Reaves,LAL,4.2,1.4,5.6,51.0
Jamal Shead,TOR,0.8,1.9,2.7,78.0
Nikola Vučević,2TM,2.5,1.7,4.2,61.0
Nikola Vučević,CHI,2.2,1.3,3.5,48.0
Nikola Vučević,BOS,0.2,0.5,0.7,13.0
Oso Ighodaro,PHO,2.0,2.5,4.5,78.0
P.J. Washington,DAL,-0.3,2.0,1.7,56.0
Josh Giddey,CHI,1.6,1.6,3.2,54.0
Jaylon Tyson,CLE,2.4,1.6,4.0,64.0
Marcus Smart,LAL,0.4,1.5,1.9,60.0
Brice Sensabaugh,UTA,1.1,0.0,1.1,73.0
Cam Spencer,MEM,4.8,0.6,5.4,72.0
Jerami Grant,POR,2.6,1.4,4.0,57.0
Michael Porter Jr.,BRK,1.7,1.3,3.0,52.0
Isaac Okoro,CHI,1.4,0.7,2.0,62.0
Tobias Harris,DET,2.3,2.6,4.9,60.0
Sandro Mamukelashvili,TOR,3.5,2.4,5.9,76.0
Dennis Schröder,2TM,0.8,0.7,1.5,68.0
Dennis Schröder,SAC,0.5,0.2,0.6,40.0
Dennis Schröder,CLE,0.3,0.5,0.8,28.0
Norman Powell,MIA,2.3,1.7,4.0,55.0
Precious Achiuwa,SAC,1.8,1.1,2.9,70.0
Tre Jones,CHI,4.2,1.0,5.2,61.0
RJ Barrett,TOR,1.8,1.8,3.7,54.0
Dominick Barlow,PHI,2.2,1.6,3.7,68.0
Kel'el Ware,MIA,3.0,3.0,5.9,73.0
Jay Huff,IND,1.2,1.7,2.9,78.0
Bobby Portis,MIL,1.6,1.2,2.8,67.0
Cameron Johnson,DEN,2.6,1.0,3.6,53.0
Dillon Brooks,PHO,0.5,1.5,2.1,53.0
Peyton Watson,DEN,1.0,1.6,2.5,54.0
Herbert Jones,NOP,-0.4,1.2,0.7,56.0
Luke Kennard,2TM,2.9,1.2,4.1,74.0
Luke Kennard,ATL,1.9,0.9,2.7,46.0
Luke Kennard,LAL,1.0,0.4,1.4,28.0
Cedric Coward,MEM,1.3,1.1,2.4,61.0
Moses Moody,GSW,1.7,1.5,3.1,60.0
Jordan Goodwin,PHO,1.3,2.3,3.7,68.0
Bennedict Mathurin,2TM,1.1,1.0,2.1,50.0
Bennedict Mathurin,IND,0.3,0.4,0.7,28.0
Bennedict Mathurin,LAC,0.8,0.6,1.4,22.0
Terance Mann,BRK,1.2,0.6,1.8,63.0
Cody Williams,UTA,0.2,0.1,0.2,64.0
Brook Lopez,LAC,0.4,1.7,2.1,71.0
Isaiah Collier,UTA,1.4,0.3,1.6,59.0
Kevin Huerter,2TM,0.7,1.6,2.3,67.0
Kevin Huerter,CHI,0.5,0.8,1.3,44.0
Kevin Huerter,DET,0.2,0.8,1.0,23.0
Jock Landale,2TM,2.8,1.1,3.9,68.0
Jock Landale,MEM,1.9,0.6,2.6,45.0
Jock Landale,ATL,0.8,0.5,1.3,23.0
Will Riley,WAS,0.9,0.0,0.9,70.0
Collin Sexton,2TM,2.5,1.3,3.8,64.0
Collin Sexton,CHO,1.9,0.9,2.8,42.0
Collin Sexton,CHI,0.7,0.4,1.1,22.0
Kelly Oubre Jr.,PHI,1.0,1.4,2.4,47.0
Jarrett Allen,CLE,4.2,2.2,6.4,55.0
Jalen Suggs,ORL,0.2,2.3,2.5,54.0
Ron Holland,DET,-0.3,2.8,2.6,75.0
Dylan Harper,SAS,2.0,2.1,4.1,66.0
Isaiah Joe,OKC,2.9,2.4,5.3,69.0
Jrue Holiday,POR,2.2,1.4,3.5,50.0
Brandon Williams,DAL,1.2,1.4,2.5,66.0
Zaccharie Risacher,ATL,0.5,1.8,2.3,65.0
Klay Thompson,DAL,-0.2,0.9,0.6,67.0
Jaren Jackson Jr.,2TM,0.1,1.4,1.5,48.0
Jaren Jackson Jr.,MEM,0.1,1.3,1.4,45.0
Jaren Jackson Jr.,UTA,0.1,0.1,0.1,3.0
Ivica Zubac,2TM,2.6,1.6,4.2,48.0
Ivica Zubac,LAC,2.6,1.5,4.1,43.0
Ivica Zubac,IND,0.1,0.1,0.2,5.0
Tre Johnson,WAS,-0.6,-0.1,-0.7,60.0
Tari Eason,HOU,0.4,2.2,2.6,56.0
Lauri Markkanen,UTA,3.2,0.3,3.5,42.0
Shaedon Sharpe,POR,-0.3,1.5,1.3,48.0
Keon Ellis,2TM,1.0,1.2,2.2,70.0
Keon Ellis,SAC,0.0,0.4,0.4,43.0
Keon Ellis,CLE,1.0,0.8,1.8,27.0
Grayson Allen,PHO,2.3,1.5,3.8,49.0
Ajay Mitchell,OKC,2.1,2.6,4.7,55.0
Sidy Cissoko,POR,0.0,1.3,1.3,72.0
Bilal Coulibaly,WAS,-0.1,0.8,0.7,54.0
Ryan Kalkbrenner,CHO,3.5,2.0,5.5,66.0
Spencer Jones,DEN,1.5,1.1,2.6,64.0
Javonte Green,DET,1.7,2.7,4.4,79.0
Daniss Jenkins,DET,1.0,1.9,2.9,69.0
Kyshawn George,WAS,0.2,0.5,0.7,48.0
Ben Sheppard,IND,0.8,0.6,1.4,65.0
Walter Clayton,2TM,-0.1,0.3,0.2,68.0
Walter Clayton,UTA,0.3,0.0,0.3,45.0
Walter Clayton,MEM,-0.3,0.2,-0.1,23.0
Vít Krejčí,2TM,1.6,1.3,2.9,64.0
Vít Krejčí,ATL,1.2,1.0,2.2,46.0
Vít Krejčí,POR,0.3,0.3,0.7,18.0
Luke Kornet,SAS,4.5,2.2,6.7,66.0
Christian Braun,DEN,2.1,0.8,2.9,43.0
Anfernee Simons,2TM,1.8,1.1,2.9,55.0
Anfernee Simons,BOS,1.9,1.1,2.9,49.0
Anfernee Simons,CHI,-0.1,0.0,-0.1,6.0
Khris Middleton,2TM,-0.3,0.5,0.3,59.0
Khris Middleton,WAS,0.0,0.1,0.2,34.0
Khris Middleton,DAL,-0.3,0.4,0.1,25.0
Ja'Kobe Walter,TOR,1.6,1.7,3.3,68.0
Mark Williams,PHO,3.8,2.2,6.1,58.0
Gary Trent Jr.,MIL,-0.1,0.2,0.1,64.0
Will Richard,GSW,1.2,1.4,2.6,67.0
Gui Santos,GSW,1.2,1.5,2.7,66.0
Sam Merrill,CLE,2.7,0.9,3.6,51.0
Malik Monk,SAC,0.8,0.1,0.9,60.0
Patrick Williams,CHI,-1.2,0.8,-0.4,68.0
Aaron Wiggins,OKC,-0.4,2.5,2.1,61.0
Aaron Nesmith,IND,0.1,0.5,0.7,45.0
Baylor Scheierman,BOS,1.6,1.7,3.3,73.0
Jose Alvarado,2TM,0.9,1.1,2.0,67.0
Jose Alvarado,NOP,0.5,0.5,1.0,41.0
Jose Alvarado,NYK,0.4,0.6,1.0,26.0
Egor Dёmin,BRK,0.2,0.7,0.9,52.0
Alex Sarr,WAS,0.7,0.9,1.7,48.0
Justin Champagnie,WAS,2.5,0.7,3.2,66.0
Yves Missi,NOP,1.6,1.1,2.7,66.0
Ziaire Williams,BRK,0.5,1.1,1.6,56.0
Dean Wade,CLE,1.6,1.4,2.9,57.0
Ryan Dunn,PHO,0.7,1.7,2.5,66.0
Isaiah Stewart,DET,1.8,2.1,3.9,55.0
Josh Okogie,HOU,1.0,1.5,2.5,74.0
Kris Murray,POR,0.7,1.2,1.9,54.0
Kobe Sanders,LAC,0.2,0.9,1.1,64.0
Nicolas Batum,LAC,0.5,1.2,1.7,71.0
Kevin Porter Jr.,MIL,1.5,1.3,2.8,38.0
Derrick Jones Jr.,LAC,1.6,1.1,2.7,46.0
Jaylin Williams,OKC,1.2,2.8,4.1,63.0
Darius Garland,2TM,1.7,0.8,2.5,42.0
Darius Garland,CLE,0.9,0.5,1.4,26.0
Darius Garland,LAC,0.8,0.3,1.2,16.0
Stephen Curry,GSW,2.8,1.1,3.9,40.0
Drake Powell,BRK,-0.1,0.4,0.3,60.0
Jordan Clarkson,NYK,0.9,1.0,1.9,69.0
Zach LaVine,SAC,1.2,0.0,1.3,39.0
Nolan Traoré,BRK,-2.2,0.6,-1.6,54.0
Jordan Miller,LAC,2.2,0.9,3.1,56.0
Coby White,2TM,1.2,0.7,1.9,48.0
Coby White,CHI,0.3,0.4,0.7,29.0
Coby White,CHO,0.9,0.3,1.2,19.0
Jaxson Hayes,LAL,3.8,1.2,5.0,66.0
Joel Embiid,PHI,2.8,1.2,4.0,38.0
Santi Aldama,MEM,1.3,1.0,2.4,43.0
Daniel Gafford,DAL,2.5,1.7,4.2,55.0
Collin Murray-Boyles,TOR,1.9,1.7,3.6,54.0
Danny Wolf,BRK,-0.2,1.0,0.8,57.0
Adem Bona,PHI,1.5,1.4,2.8,68.0
Jimmy Butler,GSW,4.6,1.2,5.8,38.0
Jericho Sims,MIL,2.0,0.6,2.6,63.0
GG Jackson II,MEM,0.4,0.9,1.4,55.0
De'Andre Hunter,2TM,0.1,1.0,1.1,45.0
De'Andre Hunter,CLE,0.3,1.0,1.3,43.0
De'Andre Hunter,SAC,-0.2,0.0,-0.2,2.0
Day'Ron Sharpe,BRK,2.0,1.5,3.5,62.0
Quinten Post,GSW,0.6,1.3,1.9,67.0
Mitchell Robinson,NYK,3.2,2.4,5.6,59.0
Svi Mykhailiuk,UTA,1.3,-0.2,1.1,50.0
Mouhamed Gueye,ATL,0.8,1.8,2.6,75.0
Andre Drummond,PHI,1.3,1.7,3.0,60.0
Simone Fontecchio,MIA,1.2,1.2,2.4,69.0
Dru Smith,MIA,1.2,1.9,3.0,70.0
Marvin Bagley III,2TM,2.7,0.7,3.4,57.0
Marvin Bagley III,WAS,1.9,0.3,2.2,38.0
Marvin Bagley III,DAL,0.8,0.4,1.3,19.0
Bones Hyland,MIN,1.7,1.2,3.0,69.0
Landry Shamet,NYK,1.6,1.0,2.6,49.0
Jordan Walsh,BOS,1.7,1.8,3.5,64.0
Pat Spencer,GSW,0.6,0.9,1.5,62.0
Isaiah Hartenstein,OKC,2.4,2.8,5.2,45.0
Caris LeVert,DET,-0.3,1.7,1.4,57.0
Craig Porter Jr.,CLE,1.2,1.4,2.6,62.0
Taylor Hendricks,2TM,0.3,0.7,1.0,58.0
Taylor Hendricks,UTA,0.3,0.1,0.3,33.0
Taylor Hendricks,MEM,0.0,0.7,0.7,25.0
Jalen Smith,CHI,1.5,1.1,2.6,53.0
Jared McCain,2TM,0.2,1.1,1.4,63.0
Jared McCain,PHI,-0.2,0.5,0.3,37.0
Jared McCain,OKC,0.4,0.7,1.1,26.0
Kentavious Caldwell-Pope,MEM,0.2,0.6,0.8,51.0
Jusuf Nurkić,UTA,0.4,1.1,1.5,41.0
Gary Payton II,GSW,1.8,1.4,3.2,69.0
Jakob Poeltl,TOR,2.5,1.6,4.1,42.0
Luka Garza,BOS,3.7,1.3,5.0,67.0
Jarred Vanderbilt,LAL,0.5,1.3,1.8,61.0
Hugo González,BOS,0.5,1.6,2.1,73.0
Paul George,PHI,1.2,1.3,2.5,34.0
Ryan Nembhard,DAL,-0.2,0.6,0.4,56.0
Gradey Dick,TOR,0.1,1.2,1.3,72.0
Giannis Antetokounmpo,MIL,3.9,1.1,5.0,36.0
Miles McBride,NYK,1.5,1.0,2.5,39.0
De'Anthony Melton,GSW,-0.8,1.4,0.6,45.0
Corey Kispert,2TM,1.3,0.5,1.7,55.0
Corey Kispert,WAS,0.7,0.0,0.6,19.0
Corey Kispert,ATL,0.6,0.5,1.1,36.0
John Konchar,2TM,1.0,1.0,2.0,53.0
John Konchar,MEM,0.4,0.6,1.0,30.0
John Konchar,UTA,0.6,0.5,1.0,23.0
Caleb Love,POR,-0.1,0.7,0.7,47.0
Alex Caruso,OKC,0.3,2.2,2.6,54.0
Rayan Rupert,2TM,-0.3,1.0,0.7,62.0
Rayan Rupert,POR,-0.5,0.6,0.2,48.0
Rayan Rupert,MEM,0.2,0.4,0.5,14.0
Olivier-Maxence Prosper,MEM,1.8,0.7,2.5,53.0
Aaron Gordon,DEN,2.4,0.7,3.1,35.0
Ochai Agbaji,2TM,0.1,0.8,0.9,62.0
Ochai Agbaji,TOR,0.0,0.7,0.6,42.0
Ochai Agbaji,BRK,0.1,0.1,0.3,20.0
Guerschon Yabusele,2TM,0.5,0.9,1.4,65.0
Guerschon Yabusele,NYK,0.0,0.4,0.4,41.0
Guerschon Yabusele,CHI,0.5,0.5,0.9,24.0
T.J. McConnell,IND,1.8,0.8,2.6,56.0
Ousmane Dieng,2TM,-0.3,0.9,0.6,53.0
Ousmane Dieng,OKC,0.2,0.4,0.6,27.0
Ousmane Dieng,MIL,-0.4,0.4,0.0,26.0
Robert Williams,POR,2.3,1.9,4.2,56.0
Tyler Herro,MIA,1.4,0.9,2.3,30.0
Nae'Qwan Tomlin,CLE,0.9,1.1,2.0,62.0
Franz Wagner,ORL,1.6,1.0,2.6,31.0
Mike Conley,MIN,0.8,1.0,1.7,52.0
Tyus Jones,3TM,0.2,0.8,1.0,65.0
Tyus Jones,ORL,0.3,0.7,1.0,48.0
Tyus Jones,DAL,0.0,0.1,0.1,8.0
Tyus Jones,DEN,-0.1,0.0,-0.1,9.0
Al Horford,GSW,0.8,1.3,2.1,43.0
Justin Edwards,PHI,0.8,0.8,1.6,61.0
Goga Bitadze,ORL,2.4,1.5,3.9,61.0
Jamir Watkins,WAS,0.6,0.5,1.1,46.0
Karlo Matković,NOP,1.8,0.9,2.7,62.0
Isaiah Jackson,2TM,1.5,1.2,2.6,55.0
Isaiah Jackson,IND,0.7,0.7,1.4,38.0
Isaiah Jackson,LAC,0.8,0.4,1.2,17.0
Jalen Williams,OKC,1.3,1.7,3.0,32.0
Kobe Brown,2TM,0.8,0.5,1.2,58.0
Kobe Brown,LAC,0.1,0.2,0.3,34.0
Kobe Brown,IND,0.6,0.3,0.9,24.0
Jaden Hardy,2TM,-0.3,0.1,-0.2,56.0
Jaden Hardy,DAL,-0.1,0.2,0.1,34.0
Jaden Hardy,WAS,-0.2,-0.1,-0.3,22.0
Cam Thomas,2TM,-0.5,0.1,-0.4,42.0
Cam Thomas,BRK,-0.3,0.0,-0.2,24.0
Cam Thomas,MIL,-0.2,0.1,-0.2,18.0
Josh Green,CHO,1.0,0.8,1.8,55.0
Bryce McGowens,NOP,1.4,0.3,1.8,42.0
Kasparas Jakučionis,MIA,1.2,0.9,2.0,49.0
Jordan Poole,NOP,-0.1,0.2,0.2,37.0
Clint Capela,HOU,1.1,1.6,2.7,71.0
Paul Reed,DET,2.0,2.0,4.0,62.0
Rob Dillingham,2TM,-1.8,0.8,-1.0,61.0
Rob Dillingham,MIN,-1.0,0.5,-0.5,35.0
Rob Dillingham,CHI,-0.8,0.3,-0.5,26.0
Trendon Watford,PHI,0.6,0.7,1.4,52.0
Caleb Martin,DAL,-0.1,0.9,0.9,58.0
Gabe Vincent,2TM,0.0,0.5,0.5,51.0
Gabe Vincent,LAL,0.1,0.2,0.3,29.0
Gabe Vincent,ATL,-0.1,0.3,0.2,22.0
Dylan Cardwell,SAC,1.2,0.8,2.1,41.0
Josh Minott,2TM,1.2,1.2,2.4,49.0
Josh Minott,BOS,1.1,0.8,1.9,33.0
Josh Minott,BRK,0.2,0.3,0.5,16.0
Anthony Gill,WAS,1.3,0.1,1.5,51.0
Dwight Powell,DAL,1.4,0.9,2.3,59.0
Vince Williams Jr.,2TM,-0.4,0.6,0.2,40.0
Vince Williams Jr.,MEM,-0.3,0.5,0.2,34.0
Vince Williams Jr.,UTA,0.0,0.0,0.0,6.0
Jevon Carter,2TM,0.0,0.8,0.7,50.0
Jevon Carter,CHI,0.1,0.2,0.3,23.0
Jevon Carter,ORL,-0.2,0.6,0.4,27.0
Nikola Jović,MIA,-0.9,1.0,0.0,47.0
Jonas Valančiūnas,DEN,1.6,1.0,2.6,62.0
Micah Potter,IND,1.9,0.5,2.4,43.0
Javon Small,MEM,1.5,0.5,2.0,40.0
Micah Peavy,NOP,-0.2,0.5,0.2,58.0
Buddy Hield,2TM,0.0,0.8,0.8,50.0
Buddy Hield,GSW,0.2,0.8,1.0,44.0
Buddy Hield,ATL,-0.2,0.0,-0.2,6.0
Jaylen Clark,MIN,0.6,0.9,1.6,64.0
Jalen Green,PHO,-0.5,0.9,0.4,30.0
Keegan Murray,SAC,-0.2,0.4,0.2,23.0
Quenton Jackson,IND,0.8,0.4,1.2,45.0
Ben Saraf,BRK,-1.6,0.4,-1.2,40.0
Kyle Anderson,3TM,0.7,0.7,1.5,40.0
Kyle Anderson,UTA,0.5,0.2,0.7,20.0
Kyle Anderson,MEM,0.1,0.1,0.2,4.0
Kyle Anderson,MIN,0.1,0.4,0.5,16.0
Julian Strawther,DEN,0.5,0.5,1.0,54.0
Jonathan Kuminga,2TM,0.0,0.9,0.9,34.0
Jonathan Kuminga,GSW,-0.2,0.4,0.2,20.0
Jonathan Kuminga,ATL,0.3,0.4,0.7,14.0
Kenrich Williams,OKC,0.9,1.4,2.3,52.0
Tyrese Martin,2TM,-0.3,0.4,0.1,45.0
Tyrese Martin,BRK,-0.1,0.3,0.2,37.0
Tyrese Martin,PHI,-0.2,0.1,-0.1,8.0
Daeqwon Plowden,SAC,0.6,0.0,0.6,29.0
Jabari Walker,PHI,0.8,0.7,1.5,62.0
Noah Penda,ORL,0.1,1.0,1.1,57.0
Jalen Wilson,BRK,0.0,0.3,0.3,50.0
Jalen Pickett,DEN,0.6,0.4,1.0,47.0
Carter Bryant,SAS,-0.2,1.1,0.9,68.0
Thomas Bryant,CLE,1.4,0.9,2.3,60.0
Steven Adams,HOU,1.1,1.0,2.1,32.0
Lonzo Ball,CLE,-0.4,1.0,0.6,35.0
Tyler Kolek,NYK,0.6,0.8,1.4,62.0
Aaron Holiday,HOU,0.5,0.6,1.2,53.0
Kristaps Porziņģis,2TM,1.5,0.9,2.4,30.0
Kristaps Porziņģis,ATL,1.0,0.6,1.5,17.0
Kristaps Porziņģis,GSW,0.5,0.4,0.8,13.0
Nick Richards,2TM,-0.2,0.8,0.6,48.0
Nick Richards,PHO,-0.2,0.4,0.2,28.0
Nick Richards,CHI,-0.1,0.4,0.4,20.0
Jett Howard,ORL,0.7,0.5,1.2,55.0
Pete Nance,MIL,0.8,0.3,1.1,45.0
Tristan Vukcevic,WAS,0.4,0.4,0.8,49.0
Jaden Ivey,2TM,0.5,0.9,1.3,37.0
Jaden Ivey,DET,0.3,0.7,1.1,33.0
Jaden Ivey,CHI,0.1,0.1,0.3,4.0
Tre Mann,CHO,-0.7,0.7,0.1,51.0
Scoot Henderson,POR,0.3,0.6,0.9,27.0
Johnny Furphy,IND,0.0,0.5,0.5,35.0
Grant Williams,CHO,1.1,0.7,1.8,33.0
Gary Harris,MIL,0.4,0.3,0.7,46.0
Anthony Davis,DAL,0.4,1.0,1.4,20.0
Jordan Hawkins,NOP,-0.7,0.1,-0.6,48.0
Kevin Love,UTA,0.8,0.3,1.1,37.0
Sharife Cooper,WAS,0.4,-0.1,0.3,37.0
Devin Carter,SAC,-0.2,0.3,0.1,35.0
Dorian Finney-Smith,HOU,-0.1,0.6,0.5,36.0
Rasheer Fleming,PHO,0.2,0.7,0.9,51.0
Mohamed Diawara,NYK,0.3,0.7,1.0,67.0
Zeke Nnaji,DEN,0.2,0.6,0.8,49.0
Leonard Miller,2TM,0.7,0.5,1.2,42.0
Leonard Miller,MIN,0.0,0.1,0.1,19.0
Leonard Miller,CHI,0.8,0.3,1.1,23.0
Jase Richardson,ORL,0.5,0.4,0.9,52.0
Jamaree Bouyea,PHO,0.5,0.7,1.2,42.0
Tidjane Salaün,CHO,0.7,0.8,1.5,36.0
Ja Morant,MEM,0.0,0.3,0.3,20.0
Domantas Sabonis,SAC,0.7,0.4,1.1,19.0
Jahmai Mashack,MEM,-0.8,0.5,-0.3,28.0
Drew Eubanks,SAC,0.3,0.3,0.6,42.0
Dalen Terry,2TM,0.2,0.5,0.7,47.0
Dalen Terry,CHI,0.1,0.4,0.5,34.0
Dalen Terry,PHI,0.1,0.1,0.2,13.0
Elijah Harkless,UTA,-0.1,0.2,0.0,26.0
Kam Jones,IND,-0.1,0.2,0.1,33.0
Cole Anthony,MIL,-0.9,0.4,-0.5,35.0
Jonathan Isaac,ORL,0.1,0.8,0.9,52.0
Ethan Thompson,IND,-0.2,0.2,0.0,28.0
Dalton Knecht,LAL,-0.1,0.3,0.3,50.0
Jamison Battle,TOR,0.4,0.5,0.9,57.0
Tyrese Proctor,CLE,0.2,0.5,0.6,48.0
Keaton Wallace,ATL,0.3,0.6,0.9,51.0
D'Angelo Russell,DAL,-0.4,0.3,0.0,26.0
Trayce Jackson-Davis,2TM,0.7,0.6,1.4,51.0
Trayce Jackson-Davis,GSW,0.7,0.5,1.2,36.0
Trayce Jackson-Davis,TOR,0.1,0.1,0.2,15.0
Taurean Prince,MIL,0.2,0.2,0.4,22.0
Cam Christie,LAC,-0.2,0.4,0.2,52.0
Ariel Hukporti,NYK,0.4,0.7,1.1,52.0
Asa Newell,ATL,0.6,0.5,1.1,42.0
Moussa Cisse,DAL,0.2,0.8,1.0,35.0
Marcus Sasser,DET,0.3,0.6,0.9,35.0
Jayson Tatum,BOS,0.6,0.9,1.5,14.0
Jeremy Sochan,2TM,0.3,0.7,1.0,42.0
Jeremy Sochan,SAS,0.1,0.5,0.6,28.0
Jeremy Sochan,NYK,0.2,0.2,0.4,14.0
Terrence Shannon Jr.,MIN,0.1,0.4,0.5,39.0
Amir Coffey,2TM,0.6,0.2,0.8,43.0
Amir Coffey,MIL,0.2,0.0,0.3,30.0
Amir Coffey,PHO,0.4,0.2,0.5,13.0
Bogdan Bogdanović,LAC,-0.2,0.3,0.0,22.0
Matisse Thybulle,POR,0.3,0.9,1.2,27.0
Jamal Cain,ORL,0.6,0.4,1.0,37.0
Yanic Konan Niederhäuser,LAC,0.8,0.5,1.3,41.0
Moritz Wagner,ORL,0.4,0.5,0.9,35.0
Tony Bradley,2TM,0.6,0.2,0.8,39.0
Tony Bradley,IND,0.7,0.2,0.9,38.0
Tony Bradley,ATL,-0.1,0.0,-0.1,1.0
Maxi Kleber,LAL,0.3,0.4,0.6,39.0
Taelon Peter,IND,-0.3,0.3,0.0,34.0
Larry Nance Jr.,CLE,0.0,0.5,0.5,33.0
Branden Carlson,OKC,0.5,0.8,1.3,39.0
Myron Gardner,MIA,0.8,0.6,1.4,41.0
Dejounte Murray,NOP,0.2,0.4,0.6,14.0
AJ Johnson,2TM,-0.8,0.1,-0.7,44.0
AJ Johnson,WAS,-0.6,0.0,-0.6,25.0
AJ Johnson,DAL,-0.2,0.1,-0.1,19.0
Trae Young,2TM,1.2,0.2,1.4,15.0
Trae Young,ATL,0.7,0.2,1.0,10.0
Trae Young,WAS,0.4,0.0,0.4,5.0
Cameron Payne,PHI,0.4,0.4,0.8,22.0
Julian Phillips,2TM,0.2,0.3,0.5,45.0
Julian Phillips,CHI,0.1,0.2,0.4,35.0
Julian Phillips,MIN,0.1,0.1,0.2,10.0
Doug McDermott,SAC,0.2,-0.1,0.2,26.0
Oscar Tshiebwe,UTA,0.8,0.1,1.0,24.0
Jae'Sean Tate,HOU,0.4,0.3,0.7,43.0
Liam McNeeley,CHO,0.5,0.4,0.9,30.0
Jeremiah Robinson-Earl,2TM,0.0,0.2,0.2,22.0
Jeremiah Robinson-Earl,IND,-0.1,0.2,0.1,17.0
Jeremiah Robinson-Earl,DAL,0.1,0.1,0.1,5.0
Kelly Olynyk,SAS,0.4,0.6,1.0,42.0
Bez Mbeng,UTA,-0.1,0.1,0.1,12.0
Cam Whitmore,WAS,-0.1,0.1,0.0,21.0
Blake Wesley,POR,0.0,0.4,0.3,28.0
Isaiah Livers,PHO,0.0,0.4,0.4,36.0
Obi Toppin,IND,0.6,0.3,0.9,20.0
Khaman Maluach,PHO,0.1,0.5,0.6,42.0
Andre Jackson Jr.,MIL,-0.5,0.2,-0.2,44.0
Ty Jerome,MEM,1.2,0.2,1.4,15.0
Christian Koloko,3TM,-0.1,0.4,0.4,26.0
Christian Koloko,LAL,0.0,0.0,0.0,2.0
Christian Koloko,MEM,-0.1,0.2,0.1,11.0
Christian Koloko,ATL,0.0,0.2,0.2,13.0
Killian Hayes,SAC,-0.6,0.2,-0.4,20.0
Leaky Black,WAS,0.2,0.1,0.3,11.0
Nick Smith Jr.,LAL,-0.2,0.2,-0.1,26.0
Tyler Burton,MEM,0.0,0.2,0.2,12.0
Chaney Johnson,BRK,0.5,0.3,0.8,15.0
Bronny James,LAL,-0.1,0.2,0.1,38.0
Yang Hansen,POR,-0.8,0.3,-0.5,41.0
Pat Connaughton,CHO,0.4,0.4,0.8,40.0
Lindy Waters III,SAS,0.1,0.3,0.4,40.0
Zach Edey,MEM,0.4,0.4,0.8,11.0
Brooks Barnhizer,OKC,-0.1,0.5,0.5,37.0
LJ Cryer,GSW,0.2,0.1,0.3,17.0
Malaki Branham,WAS,0.3,0.0,0.4,28.0
Kennedy Chandler,UTA,0.0,0.0,0.0,9.0
Julian Reese,WAS,0.0,0.2,0.2,9.0
Ron Harper Jr.,BOS,0.3,0.3,0.6,27.0
Jordan McLaughlin,SAS,0.0,0.5,0.5,41.0
Duop Reath,POR,0.3,0.2,0.5,32.0
Kevon Looney,NOP,0.3,0.2,0.5,19.0
Chaz Lanier,DET,0.0,0.3,0.2,31.0
KJ Simpson,2TM,-0.4,0.3,-0.1,18.0
KJ Simpson,CHO,-0.5,0.3,-0.2,14.0
KJ Simpson,DEN,0.0,0.0,0.0,4.0
Lachlan Olbrich,CHI,0.1,0.2,0.3,33.0
Tyson Etienne,BRK,0.4,0.1,0.5,20.0
E.J. Liddell,BRK,-0.1,0.2,0.1,22.0
Joan Beringer,MIN,0.6,0.3,1.0,36.0
DeJon Jarreau,MEM,-0.4,0.2,-0.2,11.0
Chris Paul,LAC,-0.1,0.2,0.1,16.0
Max Strus,CLE,0.5,0.2,0.8,9.0
Jonathan Mogbo,TOR,0.2,0.4,0.5,36.0
Blake Hinson,UTA,0.6,-0.1,0.5,11.0
PJ Hall,2TM,0.3,0.3,0.6,19.0
PJ Hall,MEM,0.1,0.0,0.1,7.0
PJ Hall,CHO,0.2,0.3,0.5,12.0
Scotty Pippen Jr.,MEM,-0.1,0.2,0.1,10.0
Keshad Johnson,MIA,0.0,0.3,0.3,28.0
Jalen Slawson,IND,0.1,0.3,0.4,9.0
Malevy Leons,GSW,0.1,0.2,0.3,21.0
Malachi Smith,BRK,0.1,0.2,0.3,11.0
DaRon Holmes,DEN,0.3,0.1,0.4,22.0
DeAndre Jordan,NOP,0.3,0.2,0.6,12.0
Garrison Mathews,IND,0.3,0.1,0.4,15.0
Nigel Hayes-Davis,PHO,-0.3,0.2,-0.1,27.0
MarJon Beauchamp,PHI,0.0,0.2,0.2,13.0
JD Davison,HOU,0.1,0.2,0.3,27.0
Nate Williams,GSW,0.1,0.1,0.2,12.0
Drew Timme,LAL,0.4,0.1,0.5,23.0
A.J. Lawson,TOR,0.2,0.3,0.5,20.0
Zach Collins,CHI,0.4,0.1,0.5,10.0
Chris Youngblood,2TM,0.2,0.3,0.5,33.0
Chris Youngblood,OKC,0.1,0.3,0.4,32.0
Chris Youngblood,POR,0.1,0.0,0.1,1.0
RayJ Dennis,3TM,-0.4,0.1,-0.3,16.0
RayJ Dennis,IND,-0.4,0.1,-0.3,13.0
RayJ Dennis,LAC,0.0,0.0,0.0,1.0
RayJ Dennis,ATL,0.0,0.0,0.0,2.0
Xavier Tillman Sr.,2TM,0.0,0.3,0.3,29.0
Xavier Tillman Sr.,BOS,0.0,0.2,0.2,14.0
Xavier Tillman Sr.,CHO,0.0,0.1,0.1,15.0
Andersson Garcia,UTA,0.0,0.1,0.0,5.0
Adama-Alpha Bal,MEM,0.1,0.1,0.2,6.0
Hunter Tyson,DEN,-0.2,0.1,0.0,21.0
Mason Plumlee,2TM,0.2,0.3,0.5,19.0
Mason Plumlee,CHO,0.2,0.2,0.4,14.0
Mason Plumlee,SAS,0.0,0.1,0.1,5.0
Walker Kessler,UTA,0.3,0.1,0.5,5.0
Jeff Green,HOU,0.1,0.1,0.3,29.0
Yuki Kawamura,CHI,0.2,0.1,0.3,14.0
John Poulakidas,DAL,0.0,0.1,0.1,9.0
Cormac Ryan,MIL,0.4,0.1,0.5,7.0
Bismack Biyombo,SAS,0.0,0.2,0.2,24.0
Amari Williams,BOS,0.0,0.3,0.2,21.0
Miles Kelly,DAL,-0.1,0.1,0.0,14.0
Alijah Martin,TOR,0.0,0.2,0.2,21.0
Tolu Smith,DET,0.3,0.2,0.5,13.0
Kevin McCullar Jr.,NYK,-0.1,0.2,0.1,20.0
Bradley Beal,LAC,-0.2,0.0,-0.2,6.0
Thanasis Antetokounmpo,MIL,0.0,0.2,0.2,32.0
Dereck Lively II,DAL,0.1,0.2,0.3,7.0
Kyle Lowry,PHI,-0.1,0.1,-0.1,13.0
Adou Thiero,LAL,0.0,0.1,0.1,21.0
Pacôme Dadiet,NYK,0.0,0.1,0.2,27.0
Omer Yurtseven,GSW,0.0,0.1,0.1,9.0
Lucas Williamson,MEM,0.0,0.0,0.0,4.0
Luke Travers,CLE,-0.1,0.2,0.1,12.0
Joe Ingles,MIN,0.0,0.1,0.2,25.0
Patrick Baldwin Jr.,3TM,0.0,0.1,0.1,9.0
Patrick Baldwin Jr.,LAC,0.1,0.0,0.1,2.0
Patrick Baldwin Jr.,PHI,0.0,0.0,0.0,1.0
Patrick Baldwin Jr.,SAC,0.0,0.1,0.0,6.0
Alondes Williams,WAS,0.3,0.0,0.3,4.0
Toby Okani,MEM,-0.2,0.0,-0.2,3.0
Kobe Bufkin,LAL,-0.3,0.1,-0.2,14.0
Javonte Cooke,POR,-0.5,0.1,-0.3,19.0
Chris Boucher,BOS,-0.1,0.2,0.1,9.0
Dariq Whitehead,MEM,-0.2,0.1,-0.2,3.0
Johnny Juzang,MIN,0.0,0.1,0.1,21.0
Seth Curry,GSW,0.3,0.1,0.3,7.0
Haywood Highsmith,PHO,0.3,0.1,0.4,6.0
TyTy Washington Jr.,LAC,0.1,0.1,0.2,13.0
Tyler Smith,DAL,-0.1,0.1,0.0,8.0
Isaiah Crawford,HOU,-0.1,0.1,0.0,13.0
Caleb Houstan,ATL,0.2,0.1,0.2,18.0
Eric Gordon,PHI,0.1,0.1,0.2,6.0
Mac McClung,2TM,-0.1,0.1,0.0,7.0
Mac McClung,IND,-0.1,0.1,0.0,3.0
Mac McClung,CHI,0.0,0.0,0.0,4.0
Taj Gibson,MEM,0.2,0.1,0.3,8.0
Nikola Topić,OKC,-0.2,0.1,-0.1,7.0
Bobi Klintman,DET,-0.2,0.1,-0.1,12.0
Garrett Temple,TOR,-0.2,0.1,-0.1,21.0
David Jones García,SAS,0.1,0.1,0.3,11.0
Antonio Reeves,CHO,0.1,0.0,0.2,10.0
Kadary Richmond,WAS,0.2,0.1,0.2,3.0
Monte Morris,IND,-0.1,0.0,0.0,6.0
Drew Peterson,CHO,-0.2,0.1,-0.1,6.0
Charles Bassey,4TM,0.1,0.1,0.2,9.0
Charles Bassey,MEM,0.0,0.0,0.0,2.0
Charles Bassey,PHI,0.0,0.0,0.0,1.0
Charles Bassey,BOS,0.1,0.0,0.1,5.0
Charles Bassey,GSW,0.0,0.0,0.1,1.0
Trey Jemison,NYK,0.0,0.1,0.0,11.0
DaQuan Jeffries,SAC,0.2,0.0,0.2,3.0
James Wiseman,IND,0.0,0.0,0.0,4.0
Johni Broome,PHI,-0.3,0.1,-0.2,11.0
Cody Martin,IND,-0.2,0.1,-0.1,4.0
Wendell Moore Jr.,DET,0.1,0.1,0.1,5.0
Trey Alexander,NOP,0.1,0.0,0.1,6.0
Jahmir Young,MIA,-0.1,0.0,0.0,11.0
Lawson Lovering,MEM,0.1,0.1,0.1,2.0
Keshon Gilbert,WAS,-0.1,0.0,-0.1,3.0
Tristan Enaruna,CLE,-0.1,0.0,0.0,7.0
Mo Bamba,2TM,0.0,0.0,0.1,4.0
Mo Bamba,TOR,0.0,0.0,0.0,2.0
Mo Bamba,UTA,0.0,0.0,0.1,2.0
Isaiah Stevens,SAC,0.1,0.0,0.1,3.0
Dario Šarić,SAC,-0.1,0.0,-0.1,5.0
Koby Brea,PHO,0.1,0.0,0.1,9.0
Skal Labissière,WAS,0.1,0.0,0.1,3.0
Markelle Fultz,TOR,-0.2,0.0,-0.2,5.0
Tre Scott,BRK,0.1,0.0,0.1,2.0
Grant Nelson,BRK,0.0,0.1,0.1,4.0
Curtis Jones,DEN,-0.1,0.0,-0.1,7.0
Emanuel Miller,CHI,0.1,0.0,0.1,5.0
Jahmyl Telfort,LAC,-0.1,0.0,-0.1,8.0
Dillon Jones,NYK,0.1,0.0,0.1,6.0
Hunter Sallis,PHI,-0.1,0.0,-0.1,7.0
Mark Sears,MIL,0.0,0.0,0.0,7.0
Sean Pedulla,LAC,0.0,0.0,0.0,5.0
Isaac Jones,2TM,0.0,0.0,0.0,6.0
Isaac Jones,SAC,0.0,0.0,0.0,3.0
Isaac Jones,DET,0.0,0.0,0.0,3.0
Chris Mañon,LAL,0.0,0.1,0.0,6.0
Orlando Robinson,ORL,0.1,0.0,0.1,4.0
Riley Minix,2TM,0.1,0.0,0.1,7.0
Riley Minix,SAS,0.1,0.0,0.1,3.0
Riley Minix,CLE,0.0,0.0,0.1,4.0
Dalano Banton,2TM,0.0,0.0,0.0,5.0
Dalano Banton,LAC,0.0,0.0,0.0,2.0
Dalano Banton,BOS,0.0,0.0,0.0,3.0
Harrison Ingram,SAS,0.1,0.0,0.1,6.0
Brandon Clarke,MEM,0.0,0.0,0.0,2.0
Norchad Omier,LAC,0.2,0.0,0.2,4.0
Jayson Kent,POR,0.1,0.0,0.1,3.0
Jacob Toppin,ATL,0.0,0.0,0.0,5.0
Chris Livingston,CLE,0.0,0.0,0.1,3.0
Rocco Zikarsky,MIN,0.0,0.0,0.1,4.0
Buddy Boeheim,OKC,0.0,0.0,0.0,4.0
N'Faly Dante,ATL,0.0,0.0,0.0,4.0
Vladislav Goldin,MIA,0.0,0.0,0.0,5.0
David Roddy,DEN,0.0,0.0,0.0,3.0
Alex Morales,ORL,0.0,0.0,0.0,2.0
Max Shulga,BOS,0.0,0.0,0.0,9.0
Chucky Hepburn,TOR,-0.1,0.0,-0.1,2.0
John Tonje,BOS,0.0,0.0,0.0,5.0
Alex Antetokounmpo,MIL,0.0,0.0,0.0,4.0
Colin Castleton,ORL,-0.1,0.0,-0.1,2.0
Zyon Pullin,MIN,0.0,0.0,0.0,3.0
Hunter Dickinson,NOP,-0.1,0.0,-0.1,2.0
Tosan Evbuomwan,NYK,0.0,0.0,0.0,5.0
Enrique Freeman,MIN,0.0,0.0,0.0,2.0
CJ Huntley,PHO,0.0,0.0,0.0,2.0
Payton Sandfort,OKC,-0.1,0.0,-0.1,2.0
Stanley Umude,SAS,0.0,0.0,0.0,2.0
Colby Jones,DET,0.0,0.0,0.0,1.0
Noa Essengue,CHI,-0.1,0.0,-0.1,2.0
Trentyn Flowers,CHI,0.0,0.0,0.0,2.0
Trevor Keels,MIA,-0.1,0.0,-0.1,4.0
Olivier Sarr,CLE,0.0,0.0,0.0,2.0
Darius Brown II,CLE,0.0,0.0,0.0,1.0
League Average,,,,,
